<?xml version="1.0"?>
<link_info>
   <banner>TMS320C6x Linker PC v7.4.4</banner>
   <copyright>Copyright (c) 1996-2013 Texas Instruments Incorporated</copyright>
   <link_time>0x67059a56</link_time>
   <output_file>RadarProcessor.out</output_file>
   <entry_point>
      <name>_c_int00</name>
      <address>0x14980</address>
   </entry_point>
   <input_file_list>
      <input_file id="fl-2">
         <path>.\</path>
         <kind>object</kind>
         <file>Vectors_intr.obj</file>
         <name>Vectors_intr.obj</name>
      </input_file>
      <input_file id="fl-3">
         <path>.\</path>
         <kind>object</kind>
         <file>RadarProcessor.obj</file>
         <name>RadarProcessor.obj</name>
      </input_file>
      <input_file id="fl-9">
         <path>Y:\DSK6713\c6000\dsk6713\lib\</path>
         <kind>archive</kind>
         <file>dsk6713bsl.lib</file>
         <name>dsk6713.obj</name>
      </input_file>
      <input_file id="fl-a">
         <path>Y:\DSK6713\c6000\dsk6713\lib\</path>
         <kind>archive</kind>
         <file>dsk6713bsl.lib</file>
         <name>dsk6713_aic23_opencodec.obj</name>
      </input_file>
      <input_file id="fl-b">
         <path>Y:\DSK6713\c6000\dsk6713\lib\</path>
         <kind>archive</kind>
         <file>dsk6713bsl.lib</file>
         <name>dsk6713_aic23_registers.obj</name>
      </input_file>
      <input_file id="fl-c">
         <path>Y:\DSK6713\c6000\dsk6713\lib\</path>
         <kind>archive</kind>
         <file>dsk6713bsl.lib</file>
         <name>dsk6713_aic23_setfreq.obj</name>
      </input_file>
      <input_file id="fl-d">
         <path>Y:\DSK6713\c6000\dsk6713\lib\</path>
         <kind>archive</kind>
         <file>dsk6713bsl.lib</file>
         <name>dsk6713_led.obj</name>
      </input_file>
      <input_file id="fl-85">
         <path>C:\ti\ccsv5\tools\compiler\c6000_7.4.4\lib\</path>
         <kind>archive</kind>
         <file>rts6700.lib</file>
         <name>boot.obj</name>
      </input_file>
      <input_file id="fl-86">
         <path>C:\ti\ccsv5\tools\compiler\c6000_7.4.4\lib\</path>
         <kind>archive</kind>
         <file>rts6700.lib</file>
         <name>cmpd.obj</name>
      </input_file>
      <input_file id="fl-87">
         <path>C:\ti\ccsv5\tools\compiler\c6000_7.4.4\lib\</path>
         <kind>archive</kind>
         <file>rts6700.lib</file>
         <name>cvtfd.obj</name>
      </input_file>
      <input_file id="fl-88">
         <path>C:\ti\ccsv5\tools\compiler\c6000_7.4.4\lib\</path>
         <kind>archive</kind>
         <file>rts6700.lib</file>
         <name>divd.obj</name>
      </input_file>
      <input_file id="fl-89">
         <path>C:\ti\ccsv5\tools\compiler\c6000_7.4.4\lib\</path>
         <kind>archive</kind>
         <file>rts6700.lib</file>
         <name>exit.obj</name>
      </input_file>
      <input_file id="fl-8a">
         <path>C:\ti\ccsv5\tools\compiler\c6000_7.4.4\lib\</path>
         <kind>archive</kind>
         <file>rts6700.lib</file>
         <name>fixdi.obj</name>
      </input_file>
      <input_file id="fl-8b">
         <path>C:\ti\ccsv5\tools\compiler\c6000_7.4.4\lib\</path>
         <kind>archive</kind>
         <file>rts6700.lib</file>
         <name>fltid.obj</name>
      </input_file>
      <input_file id="fl-8c">
         <path>C:\ti\ccsv5\tools\compiler\c6000_7.4.4\lib\</path>
         <kind>archive</kind>
         <file>rts6700.lib</file>
         <name>frcmpyd_div.obj</name>
      </input_file>
      <input_file id="fl-8d">
         <path>C:\ti\ccsv5\tools\compiler\c6000_7.4.4\lib\</path>
         <kind>archive</kind>
         <file>rts6700.lib</file>
         <name>llshift.obj</name>
      </input_file>
      <input_file id="fl-8e">
         <path>C:\ti\ccsv5\tools\compiler\c6000_7.4.4\lib\</path>
         <kind>archive</kind>
         <file>rts6700.lib</file>
         <name>mpyd.obj</name>
      </input_file>
      <input_file id="fl-8f">
         <path>C:\ti\ccsv5\tools\compiler\c6000_7.4.4\lib\</path>
         <kind>archive</kind>
         <file>rts6700.lib</file>
         <name>mpyll.obj</name>
      </input_file>
      <input_file id="fl-90">
         <path>C:\ti\ccsv5\tools\compiler\c6000_7.4.4\lib\</path>
         <kind>archive</kind>
         <file>rts6700.lib</file>
         <name>strasg.obj</name>
      </input_file>
      <input_file id="fl-91">
         <path>C:\ti\ccsv5\tools\compiler\c6000_7.4.4\lib\</path>
         <kind>archive</kind>
         <file>rts6700.lib</file>
         <name>args_main.obj</name>
      </input_file>
      <input_file id="fl-92">
         <path>C:\ti\ccsv5\tools\compiler\c6000_7.4.4\lib\</path>
         <kind>archive</kind>
         <file>rts6700.lib</file>
         <name>autoinit.obj</name>
      </input_file>
      <input_file id="fl-93">
         <path>C:\ti\ccsv5\tools\compiler\c6000_7.4.4\lib\</path>
         <kind>archive</kind>
         <file>rts6700.lib</file>
         <name>cpp_init.obj</name>
      </input_file>
      <input_file id="fl-94">
         <path>C:\ti\ccsv5\tools\compiler\c6000_7.4.4\lib\</path>
         <kind>archive</kind>
         <file>rts6700.lib</file>
         <name>cpy_tbl.obj</name>
      </input_file>
      <input_file id="fl-95">
         <path>C:\ti\ccsv5\tools\compiler\c6000_7.4.4\lib\</path>
         <kind>archive</kind>
         <file>rts6700.lib</file>
         <name>memcpy62.obj</name>
      </input_file>
      <input_file id="fl-96">
         <path>Y:\COE4TL4\C6xCSL\lib_3x\</path>
         <kind>archive</kind>
         <file>csl6713.lib</file>
         <name>csl_irq.obj</name>
      </input_file>
      <input_file id="fl-97">
         <path>Y:\COE4TL4\C6xCSL\lib_3x\</path>
         <kind>archive</kind>
         <file>csl6713.lib</file>
         <name>csl_mcbsp.obj</name>
      </input_file>
   </input_file_list>
   <object_component_list>
      <object_component id="oc-92">
         <name>.text:__divd</name>
         <load_address>0x12000</load_address>
         <run_address>0x12000</run_address>
         <size>0x720</size>
         <input_file_ref idref="fl-88"/>
      </object_component>
      <object_component id="oc-25">
         <name>.text</name>
         <load_address>0x12720</load_address>
         <run_address>0x12720</run_address>
         <size>0x480</size>
         <input_file_ref idref="fl-9"/>
      </object_component>
      <object_component id="oc-88">
         <name>.text</name>
         <load_address>0x12ba0</load_address>
         <run_address>0x12ba0</run_address>
         <size>0x340</size>
         <input_file_ref idref="fl-3"/>
      </object_component>
      <object_component id="oc-2b">
         <name>.text</name>
         <load_address>0x12ee0</load_address>
         <run_address>0x12ee0</run_address>
         <size>0x300</size>
         <input_file_ref idref="fl-a"/>
      </object_component>
      <object_component id="oc-21">
         <name>.text:retain</name>
         <load_address>0x131e0</load_address>
         <run_address>0x131e0</run_address>
         <size>0x2c0</size>
         <input_file_ref idref="fl-3"/>
      </object_component>
      <object_component id="oc-8e">
         <name>.text:_memcpy</name>
         <load_address>0x134a0</load_address>
         <run_address>0x134a0</run_address>
         <size>0x240</size>
         <input_file_ref idref="fl-95"/>
      </object_component>
      <object_component id="oc-8b">
         <name>.text:_MCBSP_open</name>
         <load_address>0x136e0</load_address>
         <run_address>0x136e0</run_address>
         <size>0x100</size>
         <input_file_ref idref="fl-97"/>
      </object_component>
      <object_component id="oc-18">
         <name>.text</name>
         <load_address>0x137e0</load_address>
         <run_address>0x137e0</run_address>
         <size>0x20</size>
         <input_file_ref idref="fl-2"/>
      </object_component>
      <object_component id="oc-19">
         <name>.text:vectors</name>
         <load_address>0x13800</load_address>
         <run_address>0x13800</run_address>
         <size>0x200</size>
         <input_file_ref idref="fl-2"/>
      </object_component>
      <object_component id="oc-3d">
         <name>.text</name>
         <load_address>0x13a00</load_address>
         <run_address>0x13a00</run_address>
         <size>0x1e0</size>
         <input_file_ref idref="fl-d"/>
      </object_component>
      <object_component id="oc-98">
         <name>.text:_IRQ_map</name>
         <load_address>0x13be0</load_address>
         <run_address>0x13be0</run_address>
         <size>0x1c0</size>
         <input_file_ref idref="fl-96"/>
      </object_component>
      <object_component id="oc-9d">
         <name>.text:_MCBSP_reset</name>
         <load_address>0x13da0</load_address>
         <run_address>0x13da0</run_address>
         <size>0x1a0</size>
         <input_file_ref idref="fl-97"/>
      </object_component>
      <object_component id="oc-9f">
         <name>.text:__frcmpyd_div</name>
         <load_address>0x13f40</load_address>
         <run_address>0x13f40</run_address>
         <size>0x140</size>
         <input_file_ref idref="fl-8c"/>
      </object_component>
      <object_component id="oc-31">
         <name>.text</name>
         <load_address>0x14080</load_address>
         <run_address>0x14080</run_address>
         <size>0x140</size>
         <input_file_ref idref="fl-b"/>
      </object_component>
      <object_component id="oc-8c">
         <name>.text:_MCBSP_start</name>
         <load_address>0x141c0</load_address>
         <run_address>0x141c0</run_address>
         <size>0x100</size>
         <input_file_ref idref="fl-97"/>
      </object_component>
      <object_component id="oc-83">
         <name>.text:__auto_init</name>
         <load_address>0x142c0</load_address>
         <run_address>0x142c0</run_address>
         <size>0x100</size>
         <input_file_ref idref="fl-92"/>
      </object_component>
      <object_component id="oc-8a">
         <name>.text:__strasg</name>
         <load_address>0x143c0</load_address>
         <run_address>0x143c0</run_address>
         <size>0xe0</size>
         <input_file_ref idref="fl-90"/>
      </object_component>
      <object_component id="oc-85">
         <name>.text:_exit</name>
         <load_address>0x144a0</load_address>
         <run_address>0x144a0</run_address>
         <size>0xe0</size>
         <input_file_ref idref="fl-89"/>
      </object_component>
      <object_component id="oc-94">
         <name>.text:__fixdi</name>
         <load_address>0x14580</load_address>
         <run_address>0x14580</run_address>
         <size>0xc0</size>
         <input_file_ref idref="fl-8a"/>
      </object_component>
      <object_component id="oc-8d">
         <name>.text:_copy_in</name>
         <load_address>0x14640</load_address>
         <run_address>0x14640</run_address>
         <size>0xc0</size>
         <input_file_ref idref="fl-94"/>
      </object_component>
      <object_component id="oc-37">
         <name>.text</name>
         <load_address>0x14700</load_address>
         <run_address>0x14700</run_address>
         <size>0xc0</size>
         <input_file_ref idref="fl-c"/>
      </object_component>
      <object_component id="oc-a1">
         <name>.text:__mpyll</name>
         <load_address>0x147c0</load_address>
         <run_address>0x147c0</run_address>
         <size>0xa0</size>
         <input_file_ref idref="fl-8f"/>
      </object_component>
      <object_component id="oc-a0">
         <name>.text:_setMux</name>
         <load_address>0x14860</load_address>
         <run_address>0x14860</run_address>
         <size>0xa0</size>
         <input_file_ref idref="fl-96"/>
      </object_component>
      <object_component id="oc-8f">
         <name>.text:___TI_cpp_init</name>
         <load_address>0x14900</load_address>
         <run_address>0x14900</run_address>
         <size>0x80</size>
         <input_file_ref idref="fl-93"/>
      </object_component>
      <object_component id="oc-17">
         <name>.text:_c_int00</name>
         <load_address>0x14980</load_address>
         <run_address>0x14980</run_address>
         <size>0x80</size>
         <input_file_ref idref="fl-85"/>
      </object_component>
      <object_component id="oc-91">
         <name>.text:__fltid</name>
         <load_address>0x14a00</load_address>
         <run_address>0x14a00</run_address>
         <size>0x60</size>
         <input_file_ref idref="fl-8b"/>
      </object_component>
      <object_component id="oc-9e">
         <name>.text:__llshru</name>
         <load_address>0x14a60</load_address>
         <run_address>0x14a60</run_address>
         <size>0x60</size>
         <input_file_ref idref="fl-8d"/>
      </object_component>
      <object_component id="oc-9c">
         <name>.text:_IRQ_enable</name>
         <load_address>0x14ac0</load_address>
         <run_address>0x14ac0</run_address>
         <size>0x40</size>
         <input_file_ref idref="fl-96"/>
      </object_component>
      <object_component id="oc-99">
         <name>.text:_IRQ_reset</name>
         <load_address>0x14b00</load_address>
         <run_address>0x14b00</run_address>
         <size>0x40</size>
         <input_file_ref idref="fl-96"/>
      </object_component>
      <object_component id="oc-84">
         <name>.text:__args_main</name>
         <load_address>0x14b40</load_address>
         <run_address>0x14b40</run_address>
         <size>0x40</size>
         <input_file_ref idref="fl-91"/>
      </object_component>
      <object_component id="oc-95">
         <name>.text:_IRQ_globalDisable</name>
         <load_address>0x14b80</load_address>
         <run_address>0x14b80</run_address>
         <size>0x20</size>
         <input_file_ref idref="fl-96"/>
      </object_component>
      <object_component id="oc-9a">
         <name>.text:_IRQ_globalEnable</name>
         <load_address>0x14ba0</load_address>
         <run_address>0x14ba0</run_address>
         <size>0x20</size>
         <input_file_ref idref="fl-96"/>
      </object_component>
      <object_component id="oc-9b">
         <name>.text:_IRQ_nmiEnable</name>
         <load_address>0x14bc0</load_address>
         <run_address>0x14bc0</run_address>
         <size>0x20</size>
         <input_file_ref idref="fl-96"/>
      </object_component>
      <object_component id="oc-97">
         <name>.text:_IRQ_setVecs</name>
         <load_address>0x14be0</load_address>
         <run_address>0x14be0</run_address>
         <size>0x20</size>
         <input_file_ref idref="fl-96"/>
      </object_component>
      <object_component id="oc-96">
         <name>.text:_MCBSP_getXmtEventId</name>
         <load_address>0x14c00</load_address>
         <run_address>0x14c00</run_address>
         <size>0x20</size>
         <input_file_ref idref="fl-97"/>
      </object_component>
      <object_component id="oc-89">
         <name>.text:_MCBSP_write</name>
         <load_address>0x14c20</load_address>
         <run_address>0x14c20</run_address>
         <size>0x20</size>
         <input_file_ref idref="fl-97"/>
      </object_component>
      <object_component id="oc-87">
         <name>.text:__cmpd</name>
         <load_address>0x14c40</load_address>
         <run_address>0x14c40</run_address>
         <size>0x20</size>
         <input_file_ref idref="fl-86"/>
      </object_component>
      <object_component id="oc-86">
         <name>.text:__cvtfd</name>
         <load_address>0x14c60</load_address>
         <run_address>0x14c60</run_address>
         <size>0x20</size>
         <input_file_ref idref="fl-87"/>
      </object_component>
      <object_component id="oc-93">
         <name>.text:__mpyd</name>
         <load_address>0x14c80</load_address>
         <run_address>0x14c80</run_address>
         <size>0x20</size>
         <input_file_ref idref="fl-8e"/>
      </object_component>
      <object_component id="oc-90">
         <name>.text:_abort</name>
         <load_address>0x14ca0</load_address>
         <run_address>0x14ca0</run_address>
         <size>0x20</size>
         <input_file_ref idref="fl-89"/>
      </object_component>
      <object_component id="oc-78">
         <name>.text</name>
         <load_address>0x14cc0</load_address>
         <run_address>0x14cc0</run_address>
         <size>0x20</size>
         <input_file_ref idref="fl-96"/>
      </object_component>
      <object_component id="oc-43">
         <name>.stack</name>
         <uninitialized>true</uninitialized>
         <run_address>0x14ce0</run_address>
         <size>0x8</size>
         <input_file_ref idref="fl-85"/>
      </object_component>
      <object_component id="oc-c0">
         <name>.stack</name>
         <uninitialized>true</uninitialized>
         <run_address>0x14ce0</run_address>
         <size>0x0</size>
      </object_component>
      <object_component id="oc-2d">
         <name>.const</name>
         <load_address>0x11d90</load_address>
         <run_address>0x11d90</run_address>
         <size>0x40</size>
         <input_file_ref idref="fl-a"/>
      </object_component>
      <object_component id="oc-1f">
         <name>.const</name>
         <load_address>0x11dd0</load_address>
         <run_address>0x11dd0</run_address>
         <size>0x30</size>
         <input_file_ref idref="fl-3"/>
      </object_component>
      <object_component id="oc-27">
         <name>.const</name>
         <load_address>0x11e00</load_address>
         <run_address>0x11e00</run_address>
         <size>0x20</size>
         <input_file_ref idref="fl-9"/>
      </object_component>
      <object_component id="oc-20">
         <name>.far</name>
         <uninitialized>true</uninitialized>
         <run_address>0x8f28</run_address>
         <size>0x8cd8</size>
         <input_file_ref idref="fl-3"/>
      </object_component>
      <object_component id="oc-26">
         <name>.far</name>
         <uninitialized>true</uninitialized>
         <run_address>0x11d88</run_address>
         <size>0x2</size>
         <input_file_ref idref="fl-9"/>
      </object_component>
      <object_component id="oc-2c">
         <name>.far</name>
         <uninitialized>true</uninitialized>
         <run_address>0x11d80</run_address>
         <size>0x8</size>
         <input_file_ref idref="fl-a"/>
      </object_component>
      <object_component id="oc-33">
         <name>.far</name>
         <uninitialized>true</uninitialized>
         <run_address>0x11d2c</run_address>
         <size>0x28</size>
         <input_file_ref idref="fl-b"/>
      </object_component>
      <object_component id="oc-39">
         <name>.far</name>
         <uninitialized>true</uninitialized>
         <run_address>0x11d54</run_address>
         <size>0x20</size>
         <input_file_ref idref="fl-c"/>
      </object_component>
      <object_component id="oc-3e">
         <name>.far</name>
         <uninitialized>true</uninitialized>
         <run_address>0x11d8a</run_address>
         <size>0x2</size>
         <input_file_ref idref="fl-d"/>
      </object_component>
      <object_component id="oc-51">
         <name>.far</name>
         <uninitialized>true</uninitialized>
         <run_address>0x11d74</run_address>
         <size>0xc</size>
         <input_file_ref idref="fl-89"/>
      </object_component>
      <object_component id="oc-7a">
         <name>.far</name>
         <uninitialized>true</uninitialized>
         <run_address>0x11c00</run_address>
         <size>0xf4</size>
         <input_file_ref idref="fl-96"/>
      </object_component>
      <object_component id="oc-7f">
         <name>.far</name>
         <uninitialized>true</uninitialized>
         <run_address>0x11cf4</run_address>
         <size>0x38</size>
         <input_file_ref idref="fl-97"/>
      </object_component>
      <object_component id="oc-1e">
         <name>.cinit</name>
         <load_address>0x0</load_address>
         <run_address>0x0</run_address>
         <size>0x8d10</size>
         <input_file_ref idref="fl-3"/>
      </object_component>
      <object_component id="oc-79">
         <name>.cinit</name>
         <load_address>0x8d10</load_address>
         <run_address>0x8d10</run_address>
         <size>0x12c</size>
         <input_file_ref idref="fl-96"/>
      </object_component>
      <object_component id="oc-7e">
         <name>.cinit</name>
         <load_address>0x8e40</load_address>
         <run_address>0x8e40</run_address>
         <size>0x54</size>
         <input_file_ref idref="fl-97"/>
      </object_component>
      <object_component id="oc-32">
         <name>.cinit</name>
         <load_address>0x8e98</load_address>
         <run_address>0x8e98</run_address>
         <size>0x30</size>
         <input_file_ref idref="fl-b"/>
      </object_component>
      <object_component id="oc-50">
         <name>.cinit</name>
         <load_address>0x8ec8</load_address>
         <run_address>0x8ec8</run_address>
         <size>0x2c</size>
         <input_file_ref idref="fl-89"/>
      </object_component>
      <object_component id="oc-38">
         <name>.cinit</name>
         <load_address>0x8ef8</load_address>
         <run_address>0x8ef8</run_address>
         <size>0x28</size>
         <input_file_ref idref="fl-c"/>
      </object_component>
      <object_component id="oc-1a">
         <name>.debug_info</name>
         <load_address>0x0</load_address>
         <run_address>0x0</run_address>
         <size>0xed</size>
         <input_file_ref idref="fl-2"/>
      </object_component>
      <object_component id="oc-1d">
         <name>.debug_info</name>
         <load_address>0xed</load_address>
         <run_address>0xed</run_address>
         <size>0x1195</size>
         <input_file_ref idref="fl-3"/>
      </object_component>
      <object_component id="oc-29">
         <name>.debug_info</name>
         <load_address>0x1282</load_address>
         <run_address>0x1282</run_address>
         <size>0x8a7</size>
         <input_file_ref idref="fl-9"/>
      </object_component>
      <object_component id="oc-2f">
         <name>.debug_info</name>
         <load_address>0x1b29</load_address>
         <run_address>0x1b29</run_address>
         <size>0x89f</size>
         <input_file_ref idref="fl-a"/>
      </object_component>
      <object_component id="oc-35">
         <name>.debug_info</name>
         <load_address>0x23c8</load_address>
         <run_address>0x23c8</run_address>
         <size>0x929</size>
         <input_file_ref idref="fl-b"/>
      </object_component>
      <object_component id="oc-3b">
         <name>.debug_info</name>
         <load_address>0x2cf1</load_address>
         <run_address>0x2cf1</run_address>
         <size>0x5b3</size>
         <input_file_ref idref="fl-c"/>
      </object_component>
      <object_component id="oc-40">
         <name>.debug_info</name>
         <load_address>0x32a4</load_address>
         <run_address>0x32a4</run_address>
         <size>0x60b</size>
         <input_file_ref idref="fl-d"/>
      </object_component>
      <object_component id="oc-42">
         <name>.debug_info</name>
         <load_address>0x38af</load_address>
         <run_address>0x38af</run_address>
         <size>0x707</size>
         <input_file_ref idref="fl-85"/>
      </object_component>
      <object_component id="oc-46">
         <name>.debug_info</name>
         <load_address>0x3fb6</load_address>
         <run_address>0x3fb6</run_address>
         <size>0x633</size>
         <input_file_ref idref="fl-86"/>
      </object_component>
      <object_component id="oc-49">
         <name>.debug_info</name>
         <load_address>0x45e9</load_address>
         <run_address>0x45e9</run_address>
         <size>0x61e</size>
         <input_file_ref idref="fl-87"/>
      </object_component>
      <object_component id="oc-4c">
         <name>.debug_info</name>
         <load_address>0x4c07</load_address>
         <run_address>0x4c07</run_address>
         <size>0x97e</size>
         <input_file_ref idref="fl-88"/>
      </object_component>
      <object_component id="oc-4f">
         <name>.debug_info</name>
         <load_address>0x5585</load_address>
         <run_address>0x5585</run_address>
         <size>0x7f5</size>
         <input_file_ref idref="fl-89"/>
      </object_component>
      <object_component id="oc-54">
         <name>.debug_info</name>
         <load_address>0x5d7a</load_address>
         <run_address>0x5d7a</run_address>
         <size>0x690</size>
         <input_file_ref idref="fl-8a"/>
      </object_component>
      <object_component id="oc-57">
         <name>.debug_info</name>
         <load_address>0x640a</load_address>
         <run_address>0x640a</run_address>
         <size>0x6a3</size>
         <input_file_ref idref="fl-8b"/>
      </object_component>
      <object_component id="oc-5a">
         <name>.debug_info</name>
         <load_address>0x6aad</load_address>
         <run_address>0x6aad</run_address>
         <size>0x6a0</size>
         <input_file_ref idref="fl-8c"/>
      </object_component>
      <object_component id="oc-5d">
         <name>.debug_info</name>
         <load_address>0x714d</load_address>
         <run_address>0x714d</run_address>
         <size>0x68d</size>
         <input_file_ref idref="fl-8d"/>
      </object_component>
      <object_component id="oc-60">
         <name>.debug_info</name>
         <load_address>0x77da</load_address>
         <run_address>0x77da</run_address>
         <size>0x633</size>
         <input_file_ref idref="fl-8e"/>
      </object_component>
      <object_component id="oc-63">
         <name>.debug_info</name>
         <load_address>0x7e0d</load_address>
         <run_address>0x7e0d</run_address>
         <size>0x6b3</size>
         <input_file_ref idref="fl-8f"/>
      </object_component>
      <object_component id="oc-66">
         <name>.debug_info</name>
         <load_address>0x84c0</load_address>
         <run_address>0x84c0</run_address>
         <size>0xd4</size>
         <input_file_ref idref="fl-90"/>
      </object_component>
      <object_component id="oc-69">
         <name>.debug_info</name>
         <load_address>0x8594</load_address>
         <run_address>0x8594</run_address>
         <size>0x6dd</size>
         <input_file_ref idref="fl-91"/>
      </object_component>
      <object_component id="oc-6c">
         <name>.debug_info</name>
         <load_address>0x8c71</load_address>
         <run_address>0x8c71</run_address>
         <size>0x867</size>
         <input_file_ref idref="fl-92"/>
      </object_component>
      <object_component id="oc-6f">
         <name>.debug_info</name>
         <load_address>0x94d8</load_address>
         <run_address>0x94d8</run_address>
         <size>0x6df</size>
         <input_file_ref idref="fl-93"/>
      </object_component>
      <object_component id="oc-72">
         <name>.debug_info</name>
         <load_address>0x9bb7</load_address>
         <run_address>0x9bb7</run_address>
         <size>0x7d5</size>
         <input_file_ref idref="fl-94"/>
      </object_component>
      <object_component id="oc-75">
         <name>.debug_info</name>
         <load_address>0xa38c</load_address>
         <run_address>0xa38c</run_address>
         <size>0x782</size>
         <input_file_ref idref="fl-95"/>
      </object_component>
      <object_component id="oc-7c">
         <name>.debug_info</name>
         <load_address>0xab0e</load_address>
         <run_address>0xab0e</run_address>
         <size>0xd61</size>
         <input_file_ref idref="fl-96"/>
      </object_component>
      <object_component id="oc-81">
         <name>.debug_info</name>
         <load_address>0xb86f</load_address>
         <run_address>0xb86f</run_address>
         <size>0xc27</size>
         <input_file_ref idref="fl-97"/>
      </object_component>
      <object_component id="oc-c1">
         <name>.debug_info</name>
         <load_address>0xc496</load_address>
         <run_address>0xc496</run_address>
         <size>0x6d</size>
      </object_component>
      <object_component id="oc-1b">
         <name>.debug_line</name>
         <load_address>0x0</load_address>
         <run_address>0x0</run_address>
         <size>0xcd</size>
         <input_file_ref idref="fl-2"/>
      </object_component>
      <object_component id="oc-23">
         <name>.debug_line</name>
         <load_address>0xcd</load_address>
         <run_address>0xcd</run_address>
         <size>0xda</size>
         <input_file_ref idref="fl-3"/>
      </object_component>
      <object_component id="oc-2a">
         <name>.debug_line</name>
         <load_address>0x1a7</load_address>
         <run_address>0x1a7</run_address>
         <size>0xb2</size>
         <input_file_ref idref="fl-9"/>
      </object_component>
      <object_component id="oc-30">
         <name>.debug_line</name>
         <load_address>0x259</load_address>
         <run_address>0x259</run_address>
         <size>0x4f</size>
         <input_file_ref idref="fl-a"/>
      </object_component>
      <object_component id="oc-36">
         <name>.debug_line</name>
         <load_address>0x2a8</load_address>
         <run_address>0x2a8</run_address>
         <size>0x7e</size>
         <input_file_ref idref="fl-b"/>
      </object_component>
      <object_component id="oc-3c">
         <name>.debug_line</name>
         <load_address>0x326</load_address>
         <run_address>0x326</run_address>
         <size>0x52</size>
         <input_file_ref idref="fl-c"/>
      </object_component>
      <object_component id="oc-41">
         <name>.debug_line</name>
         <load_address>0x378</load_address>
         <run_address>0x378</run_address>
         <size>0x7b</size>
         <input_file_ref idref="fl-d"/>
      </object_component>
      <object_component id="oc-44">
         <name>.debug_line</name>
         <load_address>0x3f3</load_address>
         <run_address>0x3f3</run_address>
         <size>0x3d</size>
         <input_file_ref idref="fl-85"/>
      </object_component>
      <object_component id="oc-47">
         <name>.debug_line</name>
         <load_address>0x430</load_address>
         <run_address>0x430</run_address>
         <size>0x37</size>
         <input_file_ref idref="fl-86"/>
      </object_component>
      <object_component id="oc-4a">
         <name>.debug_line</name>
         <load_address>0x467</load_address>
         <run_address>0x467</run_address>
         <size>0x36</size>
         <input_file_ref idref="fl-87"/>
      </object_component>
      <object_component id="oc-4d">
         <name>.debug_line</name>
         <load_address>0x49d</load_address>
         <run_address>0x49d</run_address>
         <size>0x3c</size>
         <input_file_ref idref="fl-88"/>
      </object_component>
      <object_component id="oc-52">
         <name>.debug_line</name>
         <load_address>0x4d9</load_address>
         <run_address>0x4d9</run_address>
         <size>0x4f</size>
         <input_file_ref idref="fl-89"/>
      </object_component>
      <object_component id="oc-55">
         <name>.debug_line</name>
         <load_address>0x528</load_address>
         <run_address>0x528</run_address>
         <size>0x3d</size>
         <input_file_ref idref="fl-8a"/>
      </object_component>
      <object_component id="oc-58">
         <name>.debug_line</name>
         <load_address>0x565</load_address>
         <run_address>0x565</run_address>
         <size>0x3d</size>
         <input_file_ref idref="fl-8b"/>
      </object_component>
      <object_component id="oc-5b">
         <name>.debug_line</name>
         <load_address>0x5a2</load_address>
         <run_address>0x5a2</run_address>
         <size>0x3e</size>
         <input_file_ref idref="fl-8c"/>
      </object_component>
      <object_component id="oc-5e">
         <name>.debug_line</name>
         <load_address>0x5e0</load_address>
         <run_address>0x5e0</run_address>
         <size>0x3f</size>
         <input_file_ref idref="fl-8d"/>
      </object_component>
      <object_component id="oc-61">
         <name>.debug_line</name>
         <load_address>0x61f</load_address>
         <run_address>0x61f</run_address>
         <size>0x35</size>
         <input_file_ref idref="fl-8e"/>
      </object_component>
      <object_component id="oc-64">
         <name>.debug_line</name>
         <load_address>0x654</load_address>
         <run_address>0x654</run_address>
         <size>0x3d</size>
         <input_file_ref idref="fl-8f"/>
      </object_component>
      <object_component id="oc-67">
         <name>.debug_line</name>
         <load_address>0x691</load_address>
         <run_address>0x691</run_address>
         <size>0x48</size>
         <input_file_ref idref="fl-90"/>
      </object_component>
      <object_component id="oc-6a">
         <name>.debug_line</name>
         <load_address>0x6d9</load_address>
         <run_address>0x6d9</run_address>
         <size>0x41</size>
         <input_file_ref idref="fl-91"/>
      </object_component>
      <object_component id="oc-6d">
         <name>.debug_line</name>
         <load_address>0x71a</load_address>
         <run_address>0x71a</run_address>
         <size>0x47</size>
         <input_file_ref idref="fl-92"/>
      </object_component>
      <object_component id="oc-70">
         <name>.debug_line</name>
         <load_address>0x761</load_address>
         <run_address>0x761</run_address>
         <size>0x45</size>
         <input_file_ref idref="fl-93"/>
      </object_component>
      <object_component id="oc-73">
         <name>.debug_line</name>
         <load_address>0x7a6</load_address>
         <run_address>0x7a6</run_address>
         <size>0x44</size>
         <input_file_ref idref="fl-94"/>
      </object_component>
      <object_component id="oc-76">
         <name>.debug_line</name>
         <load_address>0x7ea</load_address>
         <run_address>0x7ea</run_address>
         <size>0x4e</size>
         <input_file_ref idref="fl-95"/>
      </object_component>
      <object_component id="oc-7d">
         <name>.debug_line</name>
         <load_address>0x838</load_address>
         <run_address>0x838</run_address>
         <size>0x120</size>
         <input_file_ref idref="fl-96"/>
      </object_component>
      <object_component id="oc-82">
         <name>.debug_line</name>
         <load_address>0x958</load_address>
         <run_address>0x958</run_address>
         <size>0xe9</size>
         <input_file_ref idref="fl-97"/>
      </object_component>
      <object_component id="oc-1c">
         <name>.debug_abbrev</name>
         <load_address>0x0</load_address>
         <run_address>0x0</run_address>
         <size>0x20</size>
         <input_file_ref idref="fl-2"/>
      </object_component>
      <object_component id="oc-24">
         <name>.debug_abbrev</name>
         <load_address>0x20</load_address>
         <run_address>0x20</run_address>
         <size>0x1d6</size>
         <input_file_ref idref="fl-3"/>
      </object_component>
      <object_component id="oc-28">
         <name>.debug_abbrev</name>
         <load_address>0x1f6</load_address>
         <run_address>0x1f6</run_address>
         <size>0x196</size>
         <input_file_ref idref="fl-9"/>
      </object_component>
      <object_component id="oc-2e">
         <name>.debug_abbrev</name>
         <load_address>0x38c</load_address>
         <run_address>0x38c</run_address>
         <size>0x126</size>
         <input_file_ref idref="fl-a"/>
      </object_component>
      <object_component id="oc-34">
         <name>.debug_abbrev</name>
         <load_address>0x4b2</load_address>
         <run_address>0x4b2</run_address>
         <size>0x14e</size>
         <input_file_ref idref="fl-b"/>
      </object_component>
      <object_component id="oc-3a">
         <name>.debug_abbrev</name>
         <load_address>0x600</load_address>
         <run_address>0x600</run_address>
         <size>0xf1</size>
         <input_file_ref idref="fl-c"/>
      </object_component>
      <object_component id="oc-3f">
         <name>.debug_abbrev</name>
         <load_address>0x6f1</load_address>
         <run_address>0x6f1</run_address>
         <size>0xd8</size>
         <input_file_ref idref="fl-d"/>
      </object_component>
      <object_component id="oc-45">
         <name>.debug_abbrev</name>
         <load_address>0x7c9</load_address>
         <run_address>0x7c9</run_address>
         <size>0xfe</size>
         <input_file_ref idref="fl-85"/>
      </object_component>
      <object_component id="oc-48">
         <name>.debug_abbrev</name>
         <load_address>0x8c7</load_address>
         <run_address>0x8c7</run_address>
         <size>0x81</size>
         <input_file_ref idref="fl-86"/>
      </object_component>
      <object_component id="oc-4b">
         <name>.debug_abbrev</name>
         <load_address>0x948</load_address>
         <run_address>0x948</run_address>
         <size>0x81</size>
         <input_file_ref idref="fl-87"/>
      </object_component>
      <object_component id="oc-4e">
         <name>.debug_abbrev</name>
         <load_address>0x9c9</load_address>
         <run_address>0x9c9</run_address>
         <size>0xf5</size>
         <input_file_ref idref="fl-88"/>
      </object_component>
      <object_component id="oc-53">
         <name>.debug_abbrev</name>
         <load_address>0xabe</load_address>
         <run_address>0xabe</run_address>
         <size>0x119</size>
         <input_file_ref idref="fl-89"/>
      </object_component>
      <object_component id="oc-56">
         <name>.debug_abbrev</name>
         <load_address>0xbd7</load_address>
         <run_address>0xbd7</run_address>
         <size>0xac</size>
         <input_file_ref idref="fl-8a"/>
      </object_component>
      <object_component id="oc-59">
         <name>.debug_abbrev</name>
         <load_address>0xc83</load_address>
         <run_address>0xc83</run_address>
         <size>0xc3</size>
         <input_file_ref idref="fl-8b"/>
      </object_component>
      <object_component id="oc-5c">
         <name>.debug_abbrev</name>
         <load_address>0xd46</load_address>
         <run_address>0xd46</run_address>
         <size>0x9a</size>
         <input_file_ref idref="fl-8c"/>
      </object_component>
      <object_component id="oc-5f">
         <name>.debug_abbrev</name>
         <load_address>0xde0</load_address>
         <run_address>0xde0</run_address>
         <size>0xa3</size>
         <input_file_ref idref="fl-8d"/>
      </object_component>
      <object_component id="oc-62">
         <name>.debug_abbrev</name>
         <load_address>0xe83</load_address>
         <run_address>0xe83</run_address>
         <size>0x81</size>
         <input_file_ref idref="fl-8e"/>
      </object_component>
      <object_component id="oc-65">
         <name>.debug_abbrev</name>
         <load_address>0xf04</load_address>
         <run_address>0xf04</run_address>
         <size>0xa3</size>
         <input_file_ref idref="fl-8f"/>
      </object_component>
      <object_component id="oc-68">
         <name>.debug_abbrev</name>
         <load_address>0xfa7</load_address>
         <run_address>0xfa7</run_address>
         <size>0x3a</size>
         <input_file_ref idref="fl-90"/>
      </object_component>
      <object_component id="oc-6b">
         <name>.debug_abbrev</name>
         <load_address>0xfe1</load_address>
         <run_address>0xfe1</run_address>
         <size>0xe1</size>
         <input_file_ref idref="fl-91"/>
      </object_component>
      <object_component id="oc-6e">
         <name>.debug_abbrev</name>
         <load_address>0x10c2</load_address>
         <run_address>0x10c2</run_address>
         <size>0x13f</size>
         <input_file_ref idref="fl-92"/>
      </object_component>
      <object_component id="oc-71">
         <name>.debug_abbrev</name>
         <load_address>0x1201</load_address>
         <run_address>0x1201</run_address>
         <size>0xdd</size>
         <input_file_ref idref="fl-93"/>
      </object_component>
      <object_component id="oc-74">
         <name>.debug_abbrev</name>
         <load_address>0x12de</load_address>
         <run_address>0x12de</run_address>
         <size>0x10c</size>
         <input_file_ref idref="fl-94"/>
      </object_component>
      <object_component id="oc-77">
         <name>.debug_abbrev</name>
         <load_address>0x13ea</load_address>
         <run_address>0x13ea</run_address>
         <size>0xd5</size>
         <input_file_ref idref="fl-95"/>
      </object_component>
      <object_component id="oc-7b">
         <name>.debug_abbrev</name>
         <load_address>0x14bf</load_address>
         <run_address>0x14bf</run_address>
         <size>0x1b7</size>
         <input_file_ref idref="fl-96"/>
      </object_component>
      <object_component id="oc-80">
         <name>.debug_abbrev</name>
         <load_address>0x1676</load_address>
         <run_address>0x1676</run_address>
         <size>0x1a3</size>
         <input_file_ref idref="fl-97"/>
      </object_component>
      <object_component id="oc-c2">
         <name>.debug_abbrev</name>
         <load_address>0x1819</load_address>
         <run_address>0x1819</run_address>
         <size>0xd</size>
      </object_component>
      <object_component id="oc-22">
         <name>.debug_frame</name>
         <load_address>0x0</load_address>
         <run_address>0x0</run_address>
         <size>0x314</size>
         <input_file_ref idref="fl-3"/>
      </object_component>
   </object_component_list>
   <logical_group_list>
      <logical_group id="lg-2">
         <name>.text</name>
         <load_address>0x12000</load_address>
         <run_address>0x12000</run_address>
         <size>0x2ce0</size>
         <contents>
            <object_component_ref idref="oc-92"/>
            <object_component_ref idref="oc-25"/>
            <object_component_ref idref="oc-88"/>
            <object_component_ref idref="oc-2b"/>
            <object_component_ref idref="oc-21"/>
            <object_component_ref idref="oc-8e"/>
            <object_component_ref idref="oc-8b"/>
            <object_component_ref idref="oc-18"/>
            <object_component_ref idref="oc-19"/>
            <object_component_ref idref="oc-3d"/>
            <object_component_ref idref="oc-98"/>
            <object_component_ref idref="oc-9d"/>
            <object_component_ref idref="oc-9f"/>
            <object_component_ref idref="oc-31"/>
            <object_component_ref idref="oc-8c"/>
            <object_component_ref idref="oc-83"/>
            <object_component_ref idref="oc-8a"/>
            <object_component_ref idref="oc-85"/>
            <object_component_ref idref="oc-94"/>
            <object_component_ref idref="oc-8d"/>
            <object_component_ref idref="oc-37"/>
            <object_component_ref idref="oc-a1"/>
            <object_component_ref idref="oc-a0"/>
            <object_component_ref idref="oc-8f"/>
            <object_component_ref idref="oc-17"/>
            <object_component_ref idref="oc-91"/>
            <object_component_ref idref="oc-9e"/>
            <object_component_ref idref="oc-9c"/>
            <object_component_ref idref="oc-99"/>
            <object_component_ref idref="oc-84"/>
            <object_component_ref idref="oc-95"/>
            <object_component_ref idref="oc-9a"/>
            <object_component_ref idref="oc-9b"/>
            <object_component_ref idref="oc-97"/>
            <object_component_ref idref="oc-96"/>
            <object_component_ref idref="oc-89"/>
            <object_component_ref idref="oc-87"/>
            <object_component_ref idref="oc-86"/>
            <object_component_ref idref="oc-93"/>
            <object_component_ref idref="oc-90"/>
            <object_component_ref idref="oc-78"/>
         </contents>
      </logical_group>
      <logical_group id="lg-3">
         <name>.stack</name>
         <run_address>0x14ce0</run_address>
         <size>0x400</size>
         <contents>
            <object_component_ref idref="oc-43"/>
            <object_component_ref idref="oc-c0"/>
         </contents>
      </logical_group>
      <logical_group id="lg-4">
         <name>.bss</name>
         <run_address>0x0</run_address>
         <size>0x0</size>
         <contents>
         </contents>
      </logical_group>
      <logical_group id="lg-5">
         <name>.cio</name>
         <run_address>0x0</run_address>
         <size>0x0</size>
         <contents>
         </contents>
      </logical_group>
      <logical_group id="lg-6">
         <name>.const</name>
         <load_address>0x11d90</load_address>
         <run_address>0x11d90</run_address>
         <size>0x90</size>
         <contents>
            <object_component_ref idref="oc-2d"/>
            <object_component_ref idref="oc-1f"/>
            <object_component_ref idref="oc-27"/>
         </contents>
      </logical_group>
      <logical_group id="lg-7">
         <name>.data</name>
         <run_address>0x0</run_address>
         <size>0x0</size>
         <contents>
         </contents>
      </logical_group>
      <logical_group id="lg-8">
         <name>.switch</name>
         <run_address>0x0</run_address>
         <size>0x0</size>
         <contents>
         </contents>
      </logical_group>
      <logical_group id="lg-9">
         <name>.sysmem</name>
         <run_address>0x0</run_address>
         <size>0x0</size>
         <contents>
         </contents>
      </logical_group>
      <logical_group id="lg-a">
         <name>.far</name>
         <run_address>0x8f28</run_address>
         <size>0x8e64</size>
         <contents>
            <object_component_ref idref="oc-20"/>
            <object_component_ref idref="oc-26"/>
            <object_component_ref idref="oc-2c"/>
            <object_component_ref idref="oc-33"/>
            <object_component_ref idref="oc-39"/>
            <object_component_ref idref="oc-3e"/>
            <object_component_ref idref="oc-51"/>
            <object_component_ref idref="oc-7a"/>
            <object_component_ref idref="oc-7f"/>
         </contents>
      </logical_group>
      <logical_group id="lg-b">
         <name>.args</name>
         <run_address>0x0</run_address>
         <size>0x0</size>
         <contents>
         </contents>
      </logical_group>
      <logical_group id="lg-c">
         <name>.ppinfo</name>
         <run_address>0x0</run_address>
         <size>0x0</size>
         <contents>
         </contents>
      </logical_group>
      <logical_group id="lg-d">
         <name>.ppdata</name>
         <run_address>0x0</run_address>
         <size>0x0</size>
         <contents>
         </contents>
      </logical_group>
      <logical_group id="lg-e">
         <name>.pinit</name>
         <run_address>0x0</run_address>
         <size>0x0</size>
         <contents>
         </contents>
      </logical_group>
      <logical_group id="lg-f">
         <name>.cinit</name>
         <load_address>0x0</load_address>
         <run_address>0x0</run_address>
         <size>0x8f24</size>
         <contents>
            <object_component_ref idref="oc-1e"/>
            <object_component_ref idref="oc-79"/>
            <object_component_ref idref="oc-7e"/>
            <object_component_ref idref="oc-32"/>
            <object_component_ref idref="oc-50"/>
            <object_component_ref idref="oc-38"/>
         </contents>
      </logical_group>
      <logical_group id="lg-10">
         <name>.binit</name>
         <run_address>0x0</run_address>
         <size>0x0</size>
         <contents>
         </contents>
      </logical_group>
      <logical_group id="lg-11">
         <name>.init_array</name>
         <run_address>0x0</run_address>
         <size>0x0</size>
         <contents>
         </contents>
      </logical_group>
      <logical_group id="lg-12">
         <name>.neardata</name>
         <run_address>0x0</run_address>
         <size>0x0</size>
         <contents>
         </contents>
      </logical_group>
      <logical_group id="lg-13">
         <name>.fardata</name>
         <run_address>0x0</run_address>
         <size>0x0</size>
         <contents>
         </contents>
      </logical_group>
      <logical_group id="lg-14">
         <name>.rodata</name>
         <run_address>0x0</run_address>
         <size>0x0</size>
         <contents>
         </contents>
      </logical_group>
      <logical_group id="lg-15">
         <name>.c6xabi.exidx</name>
         <run_address>0x0</run_address>
         <size>0x0</size>
         <contents>
         </contents>
      </logical_group>
      <logical_group id="lg-16">
         <name>.c6xabi.extab</name>
         <run_address>0x0</run_address>
         <size>0x0</size>
         <contents>
         </contents>
      </logical_group>
      <logical_group id="lg-b7">
         <name>.debug_info</name>
         <load_address>0x0</load_address>
         <run_address>0x0</run_address>
         <size>0xc503</size>
         <contents>
            <object_component_ref idref="oc-1a"/>
            <object_component_ref idref="oc-1d"/>
            <object_component_ref idref="oc-29"/>
            <object_component_ref idref="oc-2f"/>
            <object_component_ref idref="oc-35"/>
            <object_component_ref idref="oc-3b"/>
            <object_component_ref idref="oc-40"/>
            <object_component_ref idref="oc-42"/>
            <object_component_ref idref="oc-46"/>
            <object_component_ref idref="oc-49"/>
            <object_component_ref idref="oc-4c"/>
            <object_component_ref idref="oc-4f"/>
            <object_component_ref idref="oc-54"/>
            <object_component_ref idref="oc-57"/>
            <object_component_ref idref="oc-5a"/>
            <object_component_ref idref="oc-5d"/>
            <object_component_ref idref="oc-60"/>
            <object_component_ref idref="oc-63"/>
            <object_component_ref idref="oc-66"/>
            <object_component_ref idref="oc-69"/>
            <object_component_ref idref="oc-6c"/>
            <object_component_ref idref="oc-6f"/>
            <object_component_ref idref="oc-72"/>
            <object_component_ref idref="oc-75"/>
            <object_component_ref idref="oc-7c"/>
            <object_component_ref idref="oc-81"/>
            <object_component_ref idref="oc-c1"/>
         </contents>
      </logical_group>
      <logical_group id="lg-b9">
         <name>.debug_line</name>
         <load_address>0x0</load_address>
         <run_address>0x0</run_address>
         <size>0xa41</size>
         <contents>
            <object_component_ref idref="oc-1b"/>
            <object_component_ref idref="oc-23"/>
            <object_component_ref idref="oc-2a"/>
            <object_component_ref idref="oc-30"/>
            <object_component_ref idref="oc-36"/>
            <object_component_ref idref="oc-3c"/>
            <object_component_ref idref="oc-41"/>
            <object_component_ref idref="oc-44"/>
            <object_component_ref idref="oc-47"/>
            <object_component_ref idref="oc-4a"/>
            <object_component_ref idref="oc-4d"/>
            <object_component_ref idref="oc-52"/>
            <object_component_ref idref="oc-55"/>
            <object_component_ref idref="oc-58"/>
            <object_component_ref idref="oc-5b"/>
            <object_component_ref idref="oc-5e"/>
            <object_component_ref idref="oc-61"/>
            <object_component_ref idref="oc-64"/>
            <object_component_ref idref="oc-67"/>
            <object_component_ref idref="oc-6a"/>
            <object_component_ref idref="oc-6d"/>
            <object_component_ref idref="oc-70"/>
            <object_component_ref idref="oc-73"/>
            <object_component_ref idref="oc-76"/>
            <object_component_ref idref="oc-7d"/>
            <object_component_ref idref="oc-82"/>
         </contents>
      </logical_group>
      <logical_group id="lg-bb">
         <name>.debug_abbrev</name>
         <load_address>0x0</load_address>
         <run_address>0x0</run_address>
         <size>0x1826</size>
         <contents>
            <object_component_ref idref="oc-1c"/>
            <object_component_ref idref="oc-24"/>
            <object_component_ref idref="oc-28"/>
            <object_component_ref idref="oc-2e"/>
            <object_component_ref idref="oc-34"/>
            <object_component_ref idref="oc-3a"/>
            <object_component_ref idref="oc-3f"/>
            <object_component_ref idref="oc-45"/>
            <object_component_ref idref="oc-48"/>
            <object_component_ref idref="oc-4b"/>
            <object_component_ref idref="oc-4e"/>
            <object_component_ref idref="oc-53"/>
            <object_component_ref idref="oc-56"/>
            <object_component_ref idref="oc-59"/>
            <object_component_ref idref="oc-5c"/>
            <object_component_ref idref="oc-5f"/>
            <object_component_ref idref="oc-62"/>
            <object_component_ref idref="oc-65"/>
            <object_component_ref idref="oc-68"/>
            <object_component_ref idref="oc-6b"/>
            <object_component_ref idref="oc-6e"/>
            <object_component_ref idref="oc-71"/>
            <object_component_ref idref="oc-74"/>
            <object_component_ref idref="oc-77"/>
            <object_component_ref idref="oc-7b"/>
            <object_component_ref idref="oc-80"/>
            <object_component_ref idref="oc-c2"/>
         </contents>
      </logical_group>
      <logical_group id="lg-bd">
         <name>.debug_frame</name>
         <load_address>0x0</load_address>
         <run_address>0x0</run_address>
         <size>0x314</size>
         <contents>
            <object_component_ref idref="oc-22"/>
         </contents>
      </logical_group>
   </logical_group_list>
   <placement_map>
      <memory_area>
         <name>IRAM</name>
         <page_id>0x0</page_id>
         <origin>0x0</origin>
         <length>0x30000</length>
         <used_space>0x14ef8</used_space>
         <unused_space>0x1b108</unused_space>
         <attributes>RWIX</attributes>
         <usage_details>
            <allocated_space>
               <start_address>0x0</start_address>
               <size>0x0</size>
               <logical_group_ref idref="lg-7"/>
            </allocated_space>
            <allocated_space>
               <start_address>0x0</start_address>
               <size>0x0</size>
               <logical_group_ref idref="lg-4"/>
            </allocated_space>
            <allocated_space>
               <start_address>0x0</start_address>
               <size>0x8f24</size>
               <logical_group_ref idref="lg-f"/>
            </allocated_space>
            <available_space>
               <start_address>0x8f24</start_address>
               <size>0x4</size>
            </available_space>
            <allocated_space>
               <start_address>0x8f28</start_address>
               <size>0x8e64</size>
               <logical_group_ref idref="lg-a"/>
            </allocated_space>
            <available_space>
               <start_address>0x11d8c</start_address>
               <size>0x4</size>
            </available_space>
            <allocated_space>
               <start_address>0x11d90</start_address>
               <size>0x90</size>
               <logical_group_ref idref="lg-6"/>
            </allocated_space>
            <available_space>
               <start_address>0x11e20</start_address>
               <size>0x1e0</size>
            </available_space>
            <allocated_space>
               <start_address>0x12000</start_address>
               <size>0x2ce0</size>
               <logical_group_ref idref="lg-2"/>
            </allocated_space>
            <allocated_space>
               <start_address>0x14ce0</start_address>
               <size>0x400</size>
               <logical_group_ref idref="lg-3"/>
            </allocated_space>
            <available_space>
               <start_address>0x150e0</start_address>
               <size>0x1af20</size>
            </available_space>
         </usage_details>
      </memory_area>
      <memory_area>
         <name>L2RAM</name>
         <page_id>0x0</page_id>
         <origin>0x30000</origin>
         <length>0x10000</length>
         <used_space>0x0</used_space>
         <unused_space>0x10000</unused_space>
         <attributes>RWIX</attributes>
         <usage_details>
         </usage_details>
      </memory_area>
      <memory_area>
         <name>EMIFCE0</name>
         <page_id>0x0</page_id>
         <origin>0x80000000</origin>
         <length>0x10000000</length>
         <used_space>0x0</used_space>
         <unused_space>0x10000000</unused_space>
         <attributes>RWIX</attributes>
         <usage_details>
         </usage_details>
      </memory_area>
      <memory_area>
         <name>EMIFCE1</name>
         <page_id>0x0</page_id>
         <origin>0x90000000</origin>
         <length>0x10000000</length>
         <used_space>0x0</used_space>
         <unused_space>0x10000000</unused_space>
         <attributes>RWIX</attributes>
         <usage_details>
         </usage_details>
      </memory_area>
      <memory_area>
         <name>EMIFCE2</name>
         <page_id>0x0</page_id>
         <origin>0xa0000000</origin>
         <length>0x10000000</length>
         <used_space>0x0</used_space>
         <unused_space>0x10000000</unused_space>
         <attributes>RWIX</attributes>
         <usage_details>
         </usage_details>
      </memory_area>
      <memory_area>
         <name>EMIFCE3</name>
         <page_id>0x0</page_id>
         <origin>0xb0000000</origin>
         <length>0x10000000</length>
         <used_space>0x0</used_space>
         <unused_space>0x10000000</unused_space>
         <attributes>RWIX</attributes>
         <usage_details>
         </usage_details>
      </memory_area>
   </placement_map>
   <symbol_table>
      <symbol id="sm-0">
         <name>cinit</name>
         <value>0x0</value>
      </symbol>
      <symbol id="sm-1">
         <name>___cinit__</name>
         <value>0x0</value>
      </symbol>
      <symbol id="sm-2">
         <name>pinit</name>
         <value>0xffffffff</value>
      </symbol>
      <symbol id="sm-3">
         <name>___pinit__</name>
         <value>0xffffffff</value>
      </symbol>
      <symbol id="sm-4">
         <name>binit</name>
         <value>0xffffffff</value>
      </symbol>
      <symbol id="sm-5">
         <name>___binit__</name>
         <value>0xffffffff</value>
      </symbol>
      <symbol id="sm-6">
         <name>__STACK_SIZE</name>
         <value>0x400</value>
      </symbol>
      <symbol id="sm-7">
         <name>__STACK_END</name>
         <value>0x150e0</value>
      </symbol>
      <symbol id="sm-8">
         <name>___c_args__</name>
         <value>0xffffffff</value>
      </symbol>
      <symbol id="sm-9">
         <name>.text</name>
         <value>0x12000</value>
      </symbol>
      <symbol id="sm-a">
         <name>___text__</name>
         <value>0x12000</value>
      </symbol>
      <symbol id="sm-b">
         <name>etext</name>
         <value>0x14ce0</value>
      </symbol>
      <symbol id="sm-c">
         <name>___etext__</name>
         <value>0x14ce0</value>
      </symbol>
      <symbol id="sm-d">
         <name>.data</name>
         <value>0x0</value>
      </symbol>
      <symbol id="sm-e">
         <name>___data__</name>
         <value>0x0</value>
      </symbol>
      <symbol id="sm-f">
         <name>edata</name>
         <value>0x0</value>
      </symbol>
      <symbol id="sm-10">
         <name>___edata__</name>
         <value>0x0</value>
      </symbol>
      <symbol id="sm-11">
         <name>.bss</name>
         <value>0x0</value>
      </symbol>
      <symbol id="sm-12">
         <name>___bss__</name>
         <value>0x0</value>
      </symbol>
      <symbol id="sm-13">
         <name>end</name>
         <value>0x0</value>
      </symbol>
      <symbol id="sm-14">
         <name>___end__</name>
         <value>0x0</value>
      </symbol>
      <symbol id="sm-15">
         <name>___TI_pprof_out_hndl</name>
         <value>0xffffffff</value>
      </symbol>
      <symbol id="sm-16">
         <name>___TI_prof_data_start</name>
         <value>0xffffffff</value>
      </symbol>
      <symbol id="sm-17">
         <name>___TI_prof_data_size</name>
         <value>0xffffffff</value>
      </symbol>
      <symbol id="sm-18">
         <name>$bss</name>
         <value>0x0</value>
      </symbol>
      <symbol id="sm-57">
         <name>_vector10</name>
         <value>0x13940</value>
         <object_component_ref idref="oc-19"/>
      </symbol>
      <symbol id="sm-58">
         <name>_vector12</name>
         <value>0x13980</value>
         <object_component_ref idref="oc-19"/>
      </symbol>
      <symbol id="sm-59">
         <name>_vector13</name>
         <value>0x139a0</value>
         <object_component_ref idref="oc-19"/>
      </symbol>
      <symbol id="sm-5a">
         <name>_vector14</name>
         <value>0x139c0</value>
         <object_component_ref idref="oc-19"/>
      </symbol>
      <symbol id="sm-5b">
         <name>_vector15</name>
         <value>0x139e0</value>
         <object_component_ref idref="oc-19"/>
      </symbol>
      <symbol id="sm-5c">
         <name>_vectors</name>
         <value>0x13800</value>
         <object_component_ref idref="oc-19"/>
      </symbol>
      <symbol id="sm-5d">
         <name>_vector1</name>
         <value>0x13820</value>
         <object_component_ref idref="oc-19"/>
      </symbol>
      <symbol id="sm-5e">
         <name>_vector3</name>
         <value>0x13860</value>
         <object_component_ref idref="oc-19"/>
      </symbol>
      <symbol id="sm-5f">
         <name>_vector2</name>
         <value>0x13840</value>
         <object_component_ref idref="oc-19"/>
      </symbol>
      <symbol id="sm-60">
         <name>_vector5</name>
         <value>0x138a0</value>
         <object_component_ref idref="oc-19"/>
      </symbol>
      <symbol id="sm-61">
         <name>_vector4</name>
         <value>0x13880</value>
         <object_component_ref idref="oc-19"/>
      </symbol>
      <symbol id="sm-62">
         <name>_vector7</name>
         <value>0x138e0</value>
         <object_component_ref idref="oc-19"/>
      </symbol>
      <symbol id="sm-63">
         <name>_vector6</name>
         <value>0x138c0</value>
         <object_component_ref idref="oc-19"/>
      </symbol>
      <symbol id="sm-64">
         <name>_vector9</name>
         <value>0x13920</value>
         <object_component_ref idref="oc-19"/>
      </symbol>
      <symbol id="sm-65">
         <name>_vector8</name>
         <value>0x13900</value>
         <object_component_ref idref="oc-19"/>
      </symbol>
      <symbol id="sm-97">
         <name>_main</name>
         <value>0x12ba0</value>
         <object_component_ref idref="oc-88"/>
      </symbol>
      <symbol id="sm-98">
         <name>_sig_real</name>
         <value>0x8f28</value>
         <object_component_ref idref="oc-20"/>
      </symbol>
      <symbol id="sm-99">
         <name>_CARRIER_FREQUENCY</name>
         <value>0x11df0</value>
         <object_component_ref idref="oc-1f"/>
      </symbol>
      <symbol id="sm-9a">
         <name>_SPEED_OF_WAVE</name>
         <value>0x11de8</value>
         <object_component_ref idref="oc-1f"/>
      </symbol>
      <symbol id="sm-9b">
         <name>_NUM_CHIRPS</name>
         <value>0x11dd4</value>
         <object_component_ref idref="oc-1f"/>
      </symbol>
      <symbol id="sm-9c">
         <name>_MAX_SIGNAL_VALUE</name>
         <value>0x11bf8</value>
         <object_component_ref idref="oc-20"/>
      </symbol>
      <symbol id="sm-9d">
         <name>_c_int11</name>
         <value>0x131e0</value>
         <object_component_ref idref="oc-21"/>
      </symbol>
      <symbol id="sm-9e">
         <name>_CHIRP_DURATION</name>
         <value>0x11df8</value>
         <object_component_ref idref="oc-1f"/>
      </symbol>
      <symbol id="sm-9f">
         <name>_rec_img</name>
         <value>0xdd48</value>
         <object_component_ref idref="oc-20"/>
      </symbol>
      <symbol id="sm-a0">
         <name>_config</name>
         <value>0x11bcc</value>
         <object_component_ref idref="oc-20"/>
      </symbol>
      <symbol id="sm-a1">
         <name>_rec_real</name>
         <value>0x9ec8</value>
         <object_component_ref idref="oc-20"/>
      </symbol>
      <symbol id="sm-a2">
         <name>_SAMPLING_FREQUENCY</name>
         <value>0x11de0</value>
         <object_component_ref idref="oc-1f"/>
      </symbol>
      <symbol id="sm-a3">
         <name>_hCodec</name>
         <value>0x11bc8</value>
         <object_component_ref idref="oc-20"/>
      </symbol>
      <symbol id="sm-a4">
         <name>_NUM_SAMPLES</name>
         <value>0x11dd0</value>
         <object_component_ref idref="oc-1f"/>
      </symbol>
      <symbol id="sm-a5">
         <name>_interrupt_count</name>
         <value>0x11bf4</value>
         <object_component_ref idref="oc-20"/>
      </symbol>
      <symbol id="sm-a6">
         <name>_NUM_SAMPLES_PER_CHIRP</name>
         <value>0x11dd8</value>
         <object_component_ref idref="oc-1f"/>
      </symbol>
      <symbol id="sm-a7">
         <name>_initialize</name>
         <value>0x12c9c</value>
         <object_component_ref idref="oc-88"/>
      </symbol>
      <symbol id="sm-a8">
         <name>_convert_double_to_short_for_output</name>
         <value>0x12bcc</value>
         <object_component_ref idref="oc-88"/>
      </symbol>
      <symbol id="sm-a9">
         <name>_sig_img</name>
         <value>0x96f8</value>
         <object_component_ref idref="oc-20"/>
      </symbol>
      <symbol id="sm-b7">
         <name>_DSK6713_init</name>
         <value>0x1276c</value>
         <object_component_ref idref="oc-25"/>
      </symbol>
      <symbol id="sm-b8">
         <name>_DSK6713_version</name>
         <value>0x11d88</value>
         <object_component_ref idref="oc-26"/>
      </symbol>
      <symbol id="sm-b9">
         <name>_DSK6713_rget</name>
         <value>0x12a88</value>
         <object_component_ref idref="oc-25"/>
      </symbol>
      <symbol id="sm-ba">
         <name>_DSK6713_wait</name>
         <value>0x12ab0</value>
         <object_component_ref idref="oc-25"/>
      </symbol>
      <symbol id="sm-bb">
         <name>_DSK6713_rset</name>
         <value>0x12a9c</value>
         <object_component_ref idref="oc-25"/>
      </symbol>
      <symbol id="sm-bc">
         <name>_DSK6713_waitusec</name>
         <value>0x12b08</value>
         <object_component_ref idref="oc-25"/>
      </symbol>
      <symbol id="sm-bd">
         <name>_DSK6713_getVersion</name>
         <value>0x12b34</value>
         <object_component_ref idref="oc-25"/>
      </symbol>
      <symbol id="sm-cb">
         <name>_DSK6713_AIC23_codeccontrolhandle</name>
         <value>0x11d80</value>
         <object_component_ref idref="oc-2c"/>
      </symbol>
      <symbol id="sm-cc">
         <name>_DSK6713_AIC23_codecdatahandle</name>
         <value>0x11d84</value>
         <object_component_ref idref="oc-2c"/>
      </symbol>
      <symbol id="sm-cd">
         <name>_DSK6713_AIC23_openCodec</name>
         <value>0x12ee0</value>
         <object_component_ref idref="oc-2b"/>
      </symbol>
      <symbol id="sm-db">
         <name>_DSK6713_AIC23_config</name>
         <value>0x14140</value>
         <object_component_ref idref="oc-31"/>
      </symbol>
      <symbol id="sm-dc">
         <name>_DSK6713_AIC23_rget</name>
         <value>0x14118</value>
         <object_component_ref idref="oc-31"/>
      </symbol>
      <symbol id="sm-dd">
         <name>_DSK6713_AIC23_rset</name>
         <value>0x14080</value>
         <object_component_ref idref="oc-31"/>
      </symbol>
      <symbol id="sm-eb">
         <name>_DSK6713_AIC23_setFreq</name>
         <value>0x14700</value>
         <object_component_ref idref="oc-37"/>
      </symbol>
      <symbol id="sm-f7">
         <name>_DSK6713_LED_init</name>
         <value>0x13a00</value>
         <object_component_ref idref="oc-3d"/>
      </symbol>
      <symbol id="sm-f8">
         <name>_DSK6713_LED_on</name>
         <value>0x13ab0</value>
         <object_component_ref idref="oc-3d"/>
      </symbol>
      <symbol id="sm-f9">
         <name>_DSK6713_LED_toggle</name>
         <value>0x13b20</value>
         <object_component_ref idref="oc-3d"/>
      </symbol>
      <symbol id="sm-fa">
         <name>_DSK6713_LED_off</name>
         <value>0x13a40</value>
         <object_component_ref idref="oc-3d"/>
      </symbol>
      <symbol id="sm-106">
         <name>_c_int00</name>
         <value>0x14980</value>
         <object_component_ref idref="oc-17"/>
      </symbol>
      <symbol id="sm-107">
         <name>__stack</name>
         <value>0x14ce0</value>
         <object_component_ref idref="oc-43"/>
      </symbol>
      <symbol id="sm-111">
         <name>__cmpd</name>
         <value>0x14c40</value>
         <object_component_ref idref="oc-87"/>
      </symbol>
      <symbol id="sm-11b">
         <name>__cvtfd</name>
         <value>0x14c60</value>
         <object_component_ref idref="oc-86"/>
      </symbol>
      <symbol id="sm-125">
         <name>__divd</name>
         <value>0x12000</value>
         <object_component_ref idref="oc-92"/>
      </symbol>
      <symbol id="sm-135">
         <name>C$$EXIT</name>
         <value>0x14ca0</value>
         <object_component_ref idref="oc-90"/>
      </symbol>
      <symbol id="sm-136">
         <name>_exit</name>
         <value>0x144a0</value>
         <object_component_ref idref="oc-85"/>
      </symbol>
      <symbol id="sm-137">
         <name>___TI_enable_exit_profile_output</name>
         <value>0x11d7c</value>
         <object_component_ref idref="oc-51"/>
      </symbol>
      <symbol id="sm-138">
         <name>_abort</name>
         <value>0x14ca0</value>
         <object_component_ref idref="oc-90"/>
      </symbol>
      <symbol id="sm-139">
         <name>__cleanup_ptr</name>
         <value>0x11d74</value>
         <object_component_ref idref="oc-51"/>
      </symbol>
      <symbol id="sm-13a">
         <name>__dtors_ptr</name>
         <value>0x11d78</value>
         <object_component_ref idref="oc-51"/>
      </symbol>
      <symbol id="sm-144">
         <name>__fixdi</name>
         <value>0x14580</value>
         <object_component_ref idref="oc-94"/>
      </symbol>
      <symbol id="sm-14e">
         <name>__fltid</name>
         <value>0x14a00</value>
         <object_component_ref idref="oc-91"/>
      </symbol>
      <symbol id="sm-158">
         <name>__frcmpyd_div</name>
         <value>0x13f40</value>
         <object_component_ref idref="oc-9f"/>
      </symbol>
      <symbol id="sm-162">
         <name>__llshru</name>
         <value>0x14a60</value>
         <object_component_ref idref="oc-9e"/>
      </symbol>
      <symbol id="sm-16c">
         <name>__mpyd</name>
         <value>0x14c80</value>
         <object_component_ref idref="oc-93"/>
      </symbol>
      <symbol id="sm-176">
         <name>__mpyll</name>
         <value>0x147c0</value>
         <object_component_ref idref="oc-a1"/>
      </symbol>
      <symbol id="sm-17e">
         <name>__strasg</name>
         <value>0x143c0</value>
         <object_component_ref idref="oc-8a"/>
      </symbol>
      <symbol id="sm-188">
         <name>__args_main</name>
         <value>0x14b40</value>
         <object_component_ref idref="oc-84"/>
      </symbol>
      <symbol id="sm-189">
         <name>__TI_args_main</name>
         <value>0x1</value>
      </symbol>
      <symbol id="sm-193">
         <name>__auto_init</name>
         <value>0x142c0</value>
         <object_component_ref idref="oc-83"/>
      </symbol>
      <symbol id="sm-19d">
         <name>___TI_cpp_init</name>
         <value>0x14900</value>
         <object_component_ref idref="oc-8f"/>
      </symbol>
      <symbol id="sm-1a7">
         <name>_copy_in</name>
         <value>0x14640</value>
         <object_component_ref idref="oc-8d"/>
      </symbol>
      <symbol id="sm-1b1">
         <name>_memcpy</name>
         <value>0x134a0</value>
         <object_component_ref idref="oc-8e"/>
      </symbol>
      <symbol id="sm-1cf">
         <name>_IRQ_setVecs</name>
         <value>0x14be0</value>
         <object_component_ref idref="oc-97"/>
      </symbol>
      <symbol id="sm-1d0">
         <name>__IRQ_eventTable</name>
         <value>0x11c28</value>
         <object_component_ref idref="oc-7a"/>
      </symbol>
      <symbol id="sm-1d1">
         <name>_IRQ_nmiEnable</name>
         <value>0x14bc0</value>
         <object_component_ref idref="oc-9b"/>
      </symbol>
      <symbol id="sm-1d2">
         <name>_IRQ_reset</name>
         <value>0x14b00</value>
         <object_component_ref idref="oc-99"/>
      </symbol>
      <symbol id="sm-1d3">
         <name>__IRQ_intTable</name>
         <value>0x11cac</value>
         <object_component_ref idref="oc-7a"/>
      </symbol>
      <symbol id="sm-1d4">
         <name>_IRQ_globalEnable</name>
         <value>0x14ba0</value>
         <object_component_ref idref="oc-9a"/>
      </symbol>
      <symbol id="sm-1d5">
         <name>_IRQ_globalDisable</name>
         <value>0x14b80</value>
         <object_component_ref idref="oc-95"/>
      </symbol>
      <symbol id="sm-1d6">
         <name>_IRQ_map</name>
         <value>0x13be0</value>
         <object_component_ref idref="oc-98"/>
      </symbol>
      <symbol id="sm-1d7">
         <name>_IRQ_enable</name>
         <value>0x14ac0</value>
         <object_component_ref idref="oc-9c"/>
      </symbol>
      <symbol id="sm-1d8">
         <name>__IRQ_dispatchTable</name>
         <value>0x11cec</value>
         <object_component_ref idref="oc-7a"/>
      </symbol>
      <symbol id="sm-1d9">
         <name>__IRQ_hookFetchPacket</name>
         <value>0x14cc0</value>
         <object_component_ref idref="oc-78"/>
      </symbol>
      <symbol id="sm-1ef">
         <name>_MCBSP_reset</name>
         <value>0x13da0</value>
         <object_component_ref idref="oc-9d"/>
      </symbol>
      <symbol id="sm-1f0">
         <name>_MCBSP_getXmtEventId</name>
         <value>0x14c00</value>
         <object_component_ref idref="oc-96"/>
      </symbol>
      <symbol id="sm-1f1">
         <name>_MCBSP_open</name>
         <value>0x136e0</value>
         <object_component_ref idref="oc-8b"/>
      </symbol>
      <symbol id="sm-1f2">
         <name>__MCBSP_hDev0</name>
         <value>0x11d24</value>
         <object_component_ref idref="oc-7f"/>
      </symbol>
      <symbol id="sm-1f3">
         <name>__MCBSP_hDev1</name>
         <value>0x11d28</value>
         <object_component_ref idref="oc-7f"/>
      </symbol>
      <symbol id="sm-1f4">
         <name>_MCBSP_start</name>
         <value>0x141c0</value>
         <object_component_ref idref="oc-8c"/>
      </symbol>
      <symbol id="sm-1f5">
         <name>_MCBSP_write</name>
         <value>0x14c20</value>
         <object_component_ref idref="oc-89"/>
      </symbol>
   </symbol_table>
</link_info>
